{
  "accuracy": 1.0,
  "feature_importance": {
    "similarity": 0.9261490168551277,
    "word_overlap": 0.04199875615915119,
    "len_ratio": 0.013044333034986784,
    "len_diff": 0.007530268866950973,
    "avg_length": 0.003624126696474292,
    "min_length": 0.0033140904114189774,
    "max_length": 0.0031902064295885654,
    "same_doc": 0.0011492015463015347,
    "cross_group": 0.0
  }
}